# style	text
near_miss	how do i apply for child care subsidy benefits in washington
near_miss	can you help me fill out daycare enrollment paperwork
near_miss	what is the average daycare tuition for infants in seattle
near_miss	how do i set late pickup fees for families
near_miss	can you write a parent handbook section about sick policy
near_miss	what software should i buy to track attendance and billing
near_miss	how do i market my daycare to new families
near_miss	can you draft a parent newsletter about playground changes
near_miss	what payroll service is best for daycare staff
near_miss	how do i create a waitlist for my child care program
near_miss	what grants are available to open a new daycare
near_miss	can you recommend liability insurance for a child care center
near_miss	how do i handle a custody dispute over pickup rights
near_miss	what should i charge for preschool tuition
near_miss	can you compare camera systems for daycare classrooms
near_miss	what app should parents use to message teachers
near_miss	how do i prepare for a licensing inspection visit
near_miss	can you make a staff schedule for my center
near_miss	what forms do i need for field trips
near_miss	how do i recruit substitute teachers for daycare
near_miss	can you build a budget for a new child care center
near_miss	what should i include in an employee handbook
near_miss	how do i negotiate a lease for a daycare building
near_miss	can you write a job posting for a lead teacher
adjacent_childcare	how do i dispute a daycare tuition charge
adjacent_childcare	what is the process for enrolling a child midyear
adjacent_childcare	how do i get a subsidy copay reduced
adjacent_childcare	can you explain daycare tax deductions for parents
adjacent_childcare	what is the best parent communication app for daycare
adjacent_childcare	how do i switch my child to a different classroom
adjacent_childcare	can you write a holiday closure notice for families
adjacent_childcare	what are good interview questions for daycare hires
adjacent_childcare	how do i start a family child care business
adjacent_childcare	what is the best accounting software for a daycare
adjacent_childcare	can you make a cleaning checklist for my staff room
adjacent_childcare	how do i ask parents for updated immunization records
adjacent_childcare	what should i do about a parent not paying tuition
adjacent_childcare	can you draft a food menu for next month
adjacent_childcare	how do i create a staff vacation policy
adjacent_childcare	what is the best way to train new aides
adjacent_childcare	can you recommend toys for a toddler classroom
adjacent_childcare	how do i set up payroll for hourly daycare staff
adjacent_childcare	what should a daycare website include
adjacent_childcare	can you help me write a grant proposal
adjacent_childcare	how do i choose a child care management system
adjacent_childcare	what are the startup costs for opening a center
adjacent_childcare	can you write a family satisfaction survey
adjacent_childcare	how do i create a pickup authorization form
unrelated_general	what will the weather be in seattle this weekend
unrelated_general	how do i cook salmon in the oven
unrelated_general	best laptop under one thousand dollars
unrelated_general	how do i improve my credit score fast
unrelated_general	what is the score of the sounders game tonight
unrelated_general	how do i train for a half marathon
unrelated_general	best places to visit in japan for ten days
unrelated_general	how do i replace a car battery
unrelated_general	explain roth ira versus traditional ira
unrelated_general	what are good smoothie recipes for breakfast
unrelated_general	how do i fix a leaking kitchen faucet
unrelated_general	best noise cancelling headphones for work
unrelated_general	how do pivot tables work in excel
unrelated_general	what are symptoms of seasonal allergies
unrelated_general	how do i start learning spanish conversation
unrelated_general	best hiking trails near tacoma
unrelated_general	how do i prune rose bushes
unrelated_general	what are the nba standings right now
unrelated_general	how do i make cold brew coffee at home
unrelated_general	best board games for four adults
unrelated_general	how do i negotiate a salary offer
unrelated_general	what are the best sci fi books this year
unrelated_general	how do i clean a cast iron skillet
unrelated_general	beginner python list comprehension examples
